texto;toxico;
La etiqueta, cabrón;1;
Hasta que un cabron trata a la lacra cómo se debe y todos se indignan;1;
La edad no la pones eh cabrón;1;
Y de un cabron solo puedes obtener cabronadas;1;
Eres más guiri que los irlandeses de aquí cabrón xD;1;
John23 cabron me cago en las putas hormigas de tu casa mmb;1;
Ya lo se cabron... Soy problema y solucion;1;
Que es eso cabron;1;
Alba “Este hijo de puta de Platini lo hicieron buenísimo, quien lo conoce!?”;1;
Si hay un animal al que llamar hijo de puta, sería a este... ;1;
Que hijo de puta se merece la muerte ;1;
Mafioso hijo de puta!;1;
Cállate hijo de puta ;1;
Otra vez este hijo de puta del supermercado tenía la coca sin gas;1;
Ladrón hijo de puta , a patadas vamos a sacarle;1;
Que hijo de puta! jajajaj ;1;
Semejante hijo de puta ese señor tiene guita para comprar 2 ingenios, y ahora está en quiebra? ;1;
responde hijo de puta;1;
TE QUIERO DISPARAR JODER, TODOS LOS PUTOS BESOS QUE NO PUDE DARTE HOSTIAS, TE QUIERO PUTO DISPARAR CADA MIERDA DE CARICIA QUE NO PUDE HACERTE JODER TE QUIERO HIJO DE PUTA, TE QUIERO PUTO DISPARARRRRR ;1;
Ojalá se muera tu mamá hijo de puta 😠 ;1;
"es Un día en Pamplona un señor me dijo ""agur"". EL MUY HIJO DE PUTA.";1;
patilla Que Coño nos importa donde este este hijo de puta!!!;1;
iluminado_33 Si pusieras la cara estarías muerto hijo de putA;1;
Mierdaseca de sonrisa traidora, catanazis 😠 .;1;
qué segunda opción mierdaseca si no tengo amigos;1;
a ver si le dan entre todos por culo al mierdaseca del coleta ;1;
Así que ese era el mierdaseca que hizo que Anakin se cambiase de bando. ;1;
 mierdaseca;1;
17 Pero con un ferrari hijo de puta, no con un honda mierdaseca;1;
Además están avisando que van a poner una versión similar a la venta en la tienda de CD Project, que no se gasten la fortuna que piden esos mierdaseca;1;
69 _Pride _setenta9 Fernando VII fue un mierdaseca de eso no hay duda, pero Pepe botella tampoco era ningún adalid de la justicia su único interés era convertir a España en una marioneta fue el rey mas odiado con razón. Una cosa no quita la otra.;1;
Lloraras tu cuando te llegue la denuncia MIERDASECA;1;
Lo que me faltaba por ver es al mierdaseca machista de Colate haciendo el drama cuando fijísimo que se ha tirado él solo únicamente para que a ella la tiren del programa. Vaya chusma. SVGala9;1;
"llegada. Para mí es una mala noticia que Pesic continúe al frente del Barca: sabe cómo parar a este Madrid de ""Mierdaseca"" Laso.";1;
lauucv_ Si sara deja de ser una mierdaseca y no se raja mejorr;1;
pais Por fin Madrid ha dejado de ser perroflauta.;1;
Iglesias_ Iglesios es un vividor igual que tu que si no fuera por la politica estariais en regional charlatan. que bien os va engañando a los perroflauta;1;
Cómprate una vida perroflauta;1;
Asco de periodismo y cadena perroflauta, miserables personajes 😠 😡 😠;1;
También lo anulas por la pegatina del móvil, eso es de perroflauta;1;
_Córtale el pelo a ese perroflauta de mierda…;1;
Gracias! Soy de esos que lava el cerebro a los chavales. Me llaman el perroflauta roba mentes.;1;
Perroflauta, la definición de basura eres tú.;1;
tornado _ABASCAL Se nota que eres un triste perroflauta catalufo.;1;
Callate, perroflauta;1;
Tampoco te merezco empatia, perroflauta? Cuando vais a por los magrebies, chavista bolivarianos?;1;
una parguela que es famosa xq es influenser;1;
Tu que eres un parguela y seguramente un niñato el Valencia no hace mucho estaba en una situación muy parecida al celta, así que menos faltar al resto de aficionados inútil que es lo que sois así tenemos mestalla lleno de niñatos fuman porros y medio nazis;1;
Parguela vete ya que estábamos contentos pensando que te habías muerto;1;
"""El machete cuando se saca es para usarlo. El que lo saca para enseñar es un parguela"" ";1;
Pero si no has visto la serie parguela;1;
catala @_Ansoc Es que una protesta no puedes paralizar el país... Una protesta tú vas a la calle y dices lo que quieras SIN afectar a los DERECHOS de los demás. No puede ser q te tengan secuestrado en la carretera. Eso es hacer el parguela jodiendo a la gente sin legimitidad alguna.;1;
El chaval más parguela que te puedes echar en cara, 100% verídico;1;
Si tú no estabas parguela. ;1;
Pero qué dice este parguela??? ;1;
Ta resentido o subnormal. *5 minutos despues*.;1;
Menudo subnormal este tipejo de mierda;1;
"El compañero presidente opina otra cosa; Subnormal";1;
tornado _ABASCAL Subnormal;1;
Hernando Rafa, ¿eres subnormal?;1;
"MB98 ""Seguro que"" y luego unas risas, esas respuestas son de gilipollas, te vas silenciado por subnormal";1;
es El derecho a ser subnormal, dice?;1;
Jajajjaja... Que haya VAR y este undiano mallenco, hernandez hernandez, obrebo, Stark y Aytekin!!! Menudo subnormal estas hecho chaval!!!;1;
Beltraa Ya te dije ahí arriba que no estaba justificando el abandono jajajajaja te encanta desvirtuar lo que dice el otro a ver si ganas la discusión. Posta dedícate a la política porque podés ganar debates, hay mucho subnormal en podios;1;
griego82 Refiriéndome al subnormal del portavoz de voz;1;
Fran Pardo un subnormal y está muy bien que nadie lo dude;1;
Posss si hay gente tan subnormal qué crees que esa es manera de crecer;1;
seré subnormal pero no tengo un avatar de anime;1;
Sólo llevo 3 meses conduciendo y ya sé que amo conducir y que odio al subnormal que va pegado al culo del coche todo el camino. Separatecabrón 😒;1;
A ver subnormal, ¿por eso dices que hay que cerrarla? Mejor hacer como otros países europeos y creernos la radiotelevisión pública un poco más. No se consigue nada cerrando. Te lo dice un valenciano, que aquí nos quedamos sin rtv pública y fue un desastre.;1;
Algunos diciendo que son horribles , le tienen que gustar a el no a ti subnormal . Estan guapisimos kami a ver como te queda la manga cuando la acabes;1;
Que se puede esperar de una familia disfuncional, un padre alcohólico, una madre con hijos bastardos, un hijo subnormal y ahora esto ! En que manos estaba el país, y aún mucho idiota salen con su mamada que el alcohólico fue un gran presidente, no mamen;1;
"Acaba de llegarme un memento del Corpus ayer; resulta que una niña de 13 años empezó a insultarme llamándome subnormal, esto me da que pensar que, a lo mejor la sociedad avanza demasiado rápido, yo a esa edad ni le levantaba la mirada a alguien 4 años mayor; en fin...";1;
La playa es la solución pa todo;1;
En un lugar cerca de la playa, me gusta cómo huele. ;0;
tierra trágame y escúpeme donde haya sol, playa y arena;0;
Y cuando vas a la playa?;0;
Se ha quedaO día de playa ;0;Playa
si hay playa, hay alcohol ;0;
Todos esperándome en la playa y yo en mi cama;0;
ojalá celebrar mi santo en la playa al lado de una fogata con mis amigos nochedesanjuan;0;
El carabinero es muy muy potente. Sabe a “ahogadillas” en la playa cuando éramos chicos. A mar.;0;
no haré más nada.. q el tiempo diga todo;0;
Hola, después de tanto tiempo puedo decir que realmente estoy feliz.;0;
Tal vez fumando te encuentre en el tiempo y otra vez por mis ojos vuelvas a entrar como el sol;0;
Que haga lo que quiera.. Ya tendrá tiempo para arrepentirse. El que no esté comprometido mejor que no venga;0;
"Nikola Tesla y su Viaje en el Tiempo: ""Vi el pasado, el presente y el fu...  Vía";0;
Necesito de esos abrazos que te paran el tiempo y te hacen sentir en paz.;0;
Fuiste la forma más bonita de perder mi tiempo;0;
Heras Hace tiempo q Alves se fumó a Cafú y sobre todo a Lahm;0;
tienen wifi por antena para casa rural?;0;
Esta semana en recomendamos Casa Rural Lagar de Palacio en Santa Cilia Un lugar ideal para pasar unos días de diversión y aventura a la vez que de la tranquilidad que su entorno ofrece al estar situada a los pies del Río Aragón. La casa, de... ;0;
Sortean un fin de semana en Finca Goleta, otro en Casa Rural A Pasada y un vale de 40€ en actividades de . Tienes que participar en un Trivial que está disponible en todos los dispositivos a través del sitio web  sorteo. ;0;
Hoy disfrutamos del domingo desde un lugar ideal, descansando en medio de un ambiente que combina lo natural con el mundo rural 😍 ¡Hoy estamos en Casa Aurora! Fuerteventura 🌴 ;0;
cabrera mira lo que puedes comprar para la linda casa rural _;0;Casa Rural
Ayer casi se me cae la lagrimita porque mi madre me contó que organizando la comida con mi familia que vamos a ir a una casa rural, el menú era básicamente carne y ella estaba todo el rato a lo y una tortilla de patatas, o salmorejo, llevamos queso para tapear e.t.c.;0;
Ayer se llevó a cabo la entrega de pilones y acompañamiento de siembra en el municipio de Villa Nueva, Guatemala. Como parte del programa de extensionismo rural del Ministerio de Agricultura. En esta actividad participaron hombres y en su mayoría mujeres amas de casa. ;0;
si hija....casa rural…;0;
Casa Rural en Sariñena, Los Monegros, en Huesca. Hasta 12 plazas.  ;0;
quiero ir a ver toy story pero entre casa rural esto y lo otro no tengo dinero :(;0;
Yo soy la única persona y me gusta esta casa o la casa Rural que se ha quedado en la f de los récords;0;
Solicitada licencia de obra para Casa Rural en calle Castellanos. valdepeñas obras comercio;0;
Estoy de casa rural sin apenas internet y no puedo ver el concierto en Pinterest :(;0;
q el lunes me voy a una casa rural;0;
100 obras de arte que debes ver en vivo antes de morir ;0;
¡NUEVO VÍDEO! ¡Exposiciones de manga en Londres! ¡Y un poquito de arte urbano! ;0;
Sobre arte y política ;0;
tiene una mezcla de belleza con arte;0;
Para los que exigen pruebas de la utilidad social del arte ;0;Arte
Admiro el arte de ser mujer a tiempo completo...Ricardo Cosme. ;0;
Una obra de arte ;0;
no aprecian el arte;0;
Es un arte lo que hace;0;
Felicito al que hizo este arte;0;
Museo Nacional de Arte Romano, Merida Arquitecto Rafael Moneo, 1986 arquitectura architecture arte art escultura sculpture architecturephotography merida españa spain2019 en Mérida, Spain ;0;
Sserenita y un relato de vida. EL ARTE  ;0;
Cómo me gusta el arte con spray que no mancha las paredes ajenas!;0;
no tengas miedo de engancharte de nuestro amor hagamos arte;0;
"Bién por el Presidente,eso es Política ""El arte de lograr determinado fin""analicen. ";0;
Dos hermanos equilibristas cruzan Times Square por un cable a 25 pisos de altura ;0;
Los hermanos equilibristas Nik y Lijana Wallenda cruzan la neoyorquina plaza de Times Square caminando por un cable situado a unos 25 pisos de altura  ;0;
Entra desde la computadora, y conectala a internet por cable, asi te dejara entrar.;0;
"""Las chicas del Cable"" Es más que una serie.";0;
¿Radio por cable? ¿De verdad?;0;Cable
Es mi cable a tierra no hay dudas;0;
Te refieres a este cable? Si es así el clip 2 tiene ;0;
Necesitamos, 1.- espacio en Tv x cable o Tv abierta que hablen así de fútbol, 2.- un periodista que no de tantas vueltas con palabras rebuscadas haciéndose el súper letrado, claro conciso y preciso. 3.- que suban en redes todo un editorial para poder revisarlo. 👏🏻 ;0;
Belleza de Museo allí vi la obra de Goya;0;
Y quiero ir a un museo.;0;
El aula mañana se convertirá en un Museo;0;
Plantas criadas en botellas de plástico en Museo Nacional de Antropologia (Madrid) ;0;
Y los gestos del amor, ese dulce museo, esa galería de figuras de humo.;0;Museo
Quien me lleva al museo?;0;
zamora: Una empresa madrileña reparará el Museo Provincial de Bellas Artes  vía;0;
Me lo imaginé ... ese museo es fabuloso , ya fueron al nuevo ?;0;
Este tweet merece estar en un museo.;0;
justificas al museo de exponer lo que no es suyo?;0;
Pinacoteca de las más importantes del mundo...;0;
La Casa de Alba abre al público el Palacio de Liria, la mejor pinacoteca privada de España ;0;
El pasado lunes comenzamos las exposiciones de nuestra Pinacoteca Mitológica a cargo de las alumnas de humanidades de primero de bachillerato pinacoteca comunica oralidad _ ;0;
Quiero tu foto para mi pinacoteca;0;
El Museo del Prado cede una obra de Rubens al Museo de León dentro del programa ?De gira por España? que conmemora el bicentenario de la pinacoteca nacional  Castilla y León;0;Pinacoteca
"¿Sin regalo para el día del padre? Regálale una visita cultural a la Pinacoteca Universitaria ""Los Autonomistas"" y a la Galería Universitaria ""Fernando Cano"". Hoy cerramos a las 16 h, entrada libre. ";0;
El cierre temporal del MoMA tiene como finalidad dar paso a una amplia renovación de la popular pinacoteca con la que se crearán nuevas galerías y espacios destinados a espectáculos. ;0;
Relájate tomándote un café en nuestro patio rodeado de antigüedades y obras de arte. Puedes ver la pinacoteca completa en nuestra web en la pestaña galería. ;0;
que asco de cabron;1;
Felipe. Cállate, cabrón. ¿Con qué cara te atreves a hablar sobre construcción de refinerías?;1;
"""Tú eres tan cabrón que los estás jodiendo"" ""Que pongan el aire más alto así nos infectamos"" ""Estos hijos de puta se tienen que ir a su país"" ""Que esto es España joder"" ""Dentro de poco esto va a estar lleno de ratas y nos vamos a infectar todos"" ""Me están tocando los huevos""";1;
Jajajajaja Qué cabrón;0;
Ja ja , cabrón 😅;0;
HIJO DE PUTA, COMO TE ATREVES A PONER ESE EMOJI ;1;
Cínico hijo de la gran puta.;1;
Mis padres estaban buscando casa y llamo el vendedor de la casa. Yo cogí el teléfono y empecé a insultarte (gilipollas, hijo de puta) sin motivo aparente, era pequeño.Y después mi madre como buena madre gallega me obligó a ir a verlo y disculparme, me quería morir de la vergüenza;1;
Yo creo que hay gente que busca que yo sea un hijo de puta. Tengo pruebas eh, porque siempre, juro que siempre que me porto bien me terminan haciendo x cosa para que me ponga en hijo de mil puta. Creo que el problema está en cuando quiero ser buena persona;1;
Me parece muy de hijo de puta que me diga que esté con la novia y me pida vernos, UN HIJO DE PUTA.;1;
Hijo de puta ;1;
Nos estás amenazando, mierdaseca?;1;
Los NIÑATOS que reniegan de Ramos, son los mismos que idolatran al mierdaseca de Mourinho, que echaron al mejor portero del mundo, Casillas. Aficionados se hacen llamar....;1;
Que Valls será un mierdaseca, que nadie lo discute, pero que está ofreciendo sus votos GRATIS CHABALADA. No he visto todavía a la derecha catalana hacer lo mismo.;1;
"Salía del aeropuerto con mis compañeros y un puto guiri de mierda ha dicho ""low cost airline, low cost..."" Y luego algo que no he oído bien y se han reído pero estoy segura de que se refería a que nosotros éramos ""baratos"" y de verdad,ojalá se tire por un balcón el muy mierdaseca";1;
Que te pires mierdaseca!;1;
Monedero, te ha devorado el personaje. Eres un mierdaseca.;1;
no se puede ser más bocachancla... ;1;
Yo flipo, con lo bocachancla q puede ser la gente...;1;
Ningún bocachancla sin captura. ;1;
Pero si no ganasteis vuestro psrtido bocachancla;1;
El bocachancla tiene implantada en la personalidad la prepotencia por defecto...;1;
Populismo? populismo eres tú, bocachancla;1;
Callate bocachancla, no hace falta que digas tonterias que tos sabemos ;1;
Qué diferencia con el Borbón abrazafarolas, eh!?;1;
Pero si Will es el genio, abrazafarolas;1;
Eres un abrazafarolas.;1;
El impoluto, según el porcino abrazafarolas de _TomasRoncero 🤣 🐷 🤣 🐷 🤣 🐷 🤣 🐷 🤣 🐷 🤣 🐷 🤣;1;
No te me pongas asi abrazafarolas;1;
_g Madre mía la cantidad de abrazafarolas que se tragan tus bulos.;1;
Gilipollas, subnormal, melón, retrasado, imbecil, tonto, malparido, payaso, chupacables, retrasado, hijo de puta, cabronazo, mierdaseca, capullo, y porque no se me ocurren mas que si no estaba así todo el dia pedazo mamón. ;1;(chupacables)
O porque eres un cuerpoescombro, que puede ser hasta peor.;1;
Soy yo o el rey se está volviendo un cuerpoescombro? Bienvenido al club Su Atleza. ;1;
Qué dice el cuerpoescombro este? ;1;
Panorámica a ojos del cuerpoescombro.... ;1;
virgen jajaja tanto tiempo llevas aguantando al cuerpoescombro este?;1;
normativo de que si es un cuerpoescombro;1;
Lameculos profesional!! ;1;
Perdona? Que hablas de gente mayor, este es un sinverguenza macarra y lameculos;1;
Rotundamente SI... lameculos;1;
Susana Griso es una lameculos;1;
Los traidores-ras en este país brillan por su presencia, así como los chivatos y falsos lameculos. Lo llevan escrito en su puta cara!;1;
España es el país con los obreros más sumisos y lameculos de toda Europa. Cuanto tenemos que aprender de los franceses, que por algo tienen unos sueldos bastante más dignos que nosotros...;1;
Le pides demasiado a Ramoncete morroestufa😂;0;
Maricon pagafantas,tu y todos los líderes políticos deberíais amanecer ahorcados;1;
Todo es culpa de los pagafantas que creen que se las va a dar a oler;1;
Sois unos pagafantas;1;
No, es un intelectual, firme en sus convicciones, y que no cede en su defensa, ante las necesidades fisiológicas de la entrepierna... ¡Que noooo! ¡JAJAJAJA! ¡Es un “pagafantas”! ;1;
Por supuesto. Pero el Real Valladolid, el “pagafantas” ideal, debiera averiguar quien ha filtrado esto. Alguien que deba justificar su gestión y el asunto se le estaba empezando a hacer “bola”.;1;
¡Derechita pagafantas!;1;
Un auténtico pagafantas.;1;
vaya cara de tolai tiene el Richard este.;1;
cada dia mas subnormal el tolai este ;1;
Son muñecos, tolai ;1;
Tú el rumbo ya lo tienes perdido ,tolai. Antes de abandonar el partido tenías que haber hecho esas reflexiones ,igual que Íñigo . Pero el uno se fue por la puerta de atrás y el otro le siguió . Justo cuando más unión necesitaba el partido . Llamazares . desaparece ya , cenizo;1;
Igual quedo d tolai, pero q le pasa a la chica?;1;
Es de un videoclip en el que le hubieran aplicado censura si no lo hubiera hecho, tolai;1;
No mientas que estabas en la graduación tolai;1;
Pues a mi me parece un tolai, pero vuelvo a decir... q cada cual se ponga lo q quiera y con lo q se sienta bien. Si a él le gusta ponérsela y se ve guapo, pues palante 😊;1;
_es Una duchita al perroflauta no le habría venido mal.;1;
_Nets84 Y tanto macho , 14 horas fuera de mi casa de lunes a sábado , así pasa que luego te viene un perroflauta a decirte que tienes que currar y lo mandas bien lejos;1;
Hombre, ya salió un perroflauta piojoso!;1;
Viva España , y Viva los Españoles de bien. Como diría un perroflauta.. Viva España, vivo españo, y todas y todos;1;
_Beatle Quién es perroflauta?;0;
lo siento hablo en castellano no en perroflauta no podríamos entendernos;1;
Jajajaja Hombre... prefiero un casco vikingo antes que la hoz y el martllo o cualquier símbolo progre comunista perroflauta.;1;
Cómo cansa la gente tan parguela;1;
La que le ha caído al mono JAJAJAJAJAK toda la comunidad colgao, para el suelo parguela;1;
Pero si me estás mirando a mí, parguela;1;
_ Vas a ir a la cala andando, parguela;1;
pero que dices parguela, duchate cerdo;1;
¿Qué pasa parguela? ;1;
Que parguela preguntando estas cosas por twitter;1;
- Tomate, ¿para qué se saca la bandera de mi Españita? - La bandera de Españita se saca para conquistar, el que la saca para enseñarla es un parguela. ;1;
Eres un cenutrio.;1;
Hay ser muy cenutrio para poner ese tuit...;1;
Por eso, cenutrio ;1;
"Islascanarias Sería la zona más verde, saludable, impactante y turística de nuestra Tierra. Señoras y señores políticos de m..... ! ¿ No tenéis hij, niet, sobrin u otra equivalencia genética ? No hagáis caso al ""cenútrio"" ObreroDeDerechas.....";1;
Esto no lo olvidamos, cenutrio. ;1;
Da gusto ver tanto cenutrio juntos. ;1;
_efs No voy a perder el tiempo con un cenutrio como tú. No das el nivel.;1;
Fuera, cenutrio. A vivir toda tu vida en la oscuridad donde naciste.;1;
"_18 _ @_sarabel_ Fueron los del ""a por ellos"", cenutrio.";1;
_Iglesias_ Claro!! Si no queremos que se vaya!!! Queremos seguir viendo como os continúa hundiendo desde su piscina de Galapagar!! Cenutrio!! YoConPabloIglesias;1;
Te amo mucho más amor;0;amor
Ve y me besas despacito mi amor.;0;
Amor incondicional en estos animalitos, por algo y es el mejor amigo del hombre ♥️. ;0;
El amor está en todas partes. 𝒥ℯ𝓁𝒾𝓏 𝒽ℴ𝓎♥︎. ;0;
Usa el amor como un puente;0;
No me parece tan grave, si cortó el semáforo y hay tránsito...;0;semaforo
 No pidas peras al semáforo. ;0;
El momento semáforo se ha quedado grabado en mi corazón ❤;0;
Como Peatón también tenemos responsabilidades, y tenemos que asumirlas. Esperar el semáforo en rojo y que los autos se hayan detenido por completo para cruzar una calle, utilizar los pasos cebra y los puentes peatonales en avenidas grandes. Seamos un PeatónResponsable 👍 ;0;
Lo único que he podido comprar en para poder sumarme a la SemanaSinPlasticos: un melón | amigos de las grandes cadenas de supermercados, este reto lo tenéis que liderar vosotros, si no, no podemos 😫 ;0;
Un video comiendo un melon c:;0;
Si digo tú, melón jajajajaja;0;
¿Cuál es la fruta más deliciosa? — Melón 🤤 🤤;0;
quiero un melón;0;
La derechista tocapelotas.;1;
Se muda tu vecina tocapelotas?!! Como lo vas a celebrar??? 🍸;1;
Ellos han subido...la gente esta contenta con su gestion...y no me da la gana hablar de los tocapelotas que tambien han subido.;1;
@_edmac_ y la T es de Tocapelotas, como uno que yo me sé;1;
Es un sí, joder Kaila es que eres tocapelotas hasta para eso. ;1;
-Desde lo de Myra ha decidido ignorar a los fantasmas tocapelotas-. ;1;
"Este tío cada más tocapelotas...el señor ""paradondeOblak"" se ha creído el personaje de RRSS q difunde y cada día da más vergüenza ajena. Estoy harto de leer sus bobadas de bobomerengue....q hastío de periolisto...😩";1;
Un capullo ;1;
ahora me envuelve como un capullo en el cual no deseo salir, estoy tan agradecida con seokjin y tan enamorada de su corazón, el mundo y yo somos tan afortunados de tenerlo THISNIGHTbyJIN 이밤ByJinOutnow;0;
capullo, ella canta la llorona;1;
Que me dejes capullo;1;
Es un capullo;1;
Qué capullo eres. Ahora yo me quedo comiéndome la cabeza y tú tan ancho. ;1;
Hay que ser capullo para escribir eso. Yo no veo a ningún paleto como tú muerto en ninguna cuneta. Eso le pertenece a eta y comunistas.;1;
Pero que dices zampabollos;1;
¿Cabías en el de 50m2 zampabollos?;1;
El felón de la sexta... menudo zampabollos sectario...;1;
te pone cachondo o algo? zampabollos;1;
Puto niño zampabollos;1;
El zampabollos inepto de Zoido está en el euro Parlamento?? Acabará con todo el chucrut de Alsacia...y como, según él declaró en el juicio, durante 4 años no se enterará de nada;1;
Este tweet parece sacado de un mentecato, seguirán tragando sus palabras.;1;
Tres días ya 👍 Igual es muy difícil dar con el de la reforma (probablemente ilegal) y meterle un puro que no olvide en su vida, ¿o acaso el mentecato que dirige la Policía Municipal también hay prohibido esto? ;1;
Què mentecato es este Guaidog ;1;
te llevo en la mente, mentecato ;1;
Saludos mentecato. ;1;
Es una amenaza debieras denunciar al mentecato que te escribió eso;1;
Santi, eres idiota, desde que naciste, y eso ya no lo va a cambiar nadie. Cállate e intenta no liarla más, mentecato.;1;
Eso es Lerdo, no c mamen;1;
_1993 Nada, que me he equivocado y soy lerdo jejejeje;1;
No os cansais de hacer el lerdo?;1;
Me desperté modo GNC hoy, muy lerdo todo 🙄;1;
Un olvido repentino burlando a un tiempo lerdo;1;
Me muero, amorfo jajajajaaj!!;1;
decidme q vosotros tb lo veis amorfo ;0;
-Quiera no quiera ha salido amorfo- ;1;
_zetaa Esque es un PAYASO y un AMORFO.;1;
_TomasRoncero Gilipuertas;1;
Gilipuertas everywhere. Manda webs!!!!!!!;1;
Ah, nadie importante, un gilipuertas;1;
Albano!... que cutre y gilipuertas eres macho!;1;
Reciclad estos residuos humanos, es salvar tu planeta. Gracias a todos, podemos ayudar a dejar nuestras calles libres de gilipuertas. Por un mundo mejor, tu mundo. Ministerio del Interior. ;1;
Vete a cagar gilipuertas....;1;
_Hernando Y para qué ibamos a votar a VOX, para regalarte a tí los votos?. Hay que ser gilipuertas, y politiquero de baja estofa. Nadie sabe más de poltronas, que vosotros los del PP, que pagais cualquier precio por mantenerlas.;1;
menudo gilipuertas;1;
_de_abril jajajajaja...vaya gilipuertas;1;
Estos gilipuertas aplauden a esta familia fascistas de actos y Súper cool de boquilla! Eres, clínicas privadas y exclusivas!! Lo que es hipocresía en botellón con Vega Sicilia.;1;
_Troll No falla uno, analfabetos funcionales que creen que el resto del mundo es tan gilipuertas como ellos!! Otro a la cola del Inaem;1;
_union Pero el Valencia que tiene que ver hay, cazurro!!!;1;
Y porfi, no me llames cazurro que yo a ti no te he insultado;0;
_1922 Jajajaja aprende a escribir puto cazurro;1;
_rguez Pon comas, cazurro.;1;
Hay que ser gilipollas pa ir al campo cazurro ese.;1;
Cazurro soy yo, ella es catalana.;1;
José Antonio Reyes ha muerto por cazurro. Es de ser un inconsciente ir a esa velocidad.;1;
Al igual que aznar,cazurro!!!!;1;
Tolosa apaga la brasa del besugo ;0;
A callar besugo ;1;
Aprende a respetar, besugo;1;
Yo me he callado por no liarla. Porque me conozco, besugo.;1;
Besugo al limón, todo un festín de sabores  ;0;
Besugo tu padre.;1;
Florentino sabe k ese besugo no va a ir a ningun pais k no sea españa;1;
Fiesta de Besugo y de la Sidra Imágenes del año pasado, buena pinta ¿verdad? Erreserbak / Reservas - TolosaldeaTour 943 69 74 13 TxinpartaElkartea ;0;
Más tonto y no naces besugo. ;1;
uf q pelma eres tía q si no lo pillas no es mi problema;1;
Inda es un pelma ;1;
Eres un pelma;1;
Además tiene su cuenta con 11K de seguidores y es una pelma de cuidado, menuda tipeja.;1;
Pasandoooo, hay gente muy pelma. Animo!!!;1;
Y la turra que ha dado con Pedro...que tío más pelma.;1;
Que pelma es la people. ;1;
Eres pelma de cojones, abuela.;1;
Venga pelma, a crear el ejercito catalan;1;
Venga tio, eres un pelma, no hacéis más que dar por culo.;1;
menudo cabestro este Trump.;1;
Este viejo cabestro siempre igual, bético Perro;1;
_culon jajajajajajaja otra ve por aqui? un abrazo cabestro;0;
Cuanto cabestro y que fácil es bloquear en Twitter;1;
¿Un cabestro?, ¿un cínico?, ¿ambas cosas?;1;
_Caronte_o A pastar!! Denegado su turno de palabra, por cabestro.;1;
Valiente cabestro el Sr. Colegiado;1;
La narró Pérez Reverte. Que ni leer sabes, mangurrián.;1;
A tolar por culo mangurrián!!;1;
Dos fotos juntas se entienden mejor, mangurrian. ;1;
_Zapata ¿Dignidad de qué, mangurrián, eres más digno despreciando a tu país?;1;
"_TomasRoncero Pero qué coño vas a saber tu de fútbol si solo ves el color blanco, mangurrian.""";1;
Fuera payaso fuera;1;
Payaso ni tu te la crees ;1;
No le creen al payaso del actor premier ;1;
_Periodico Este pobre payaso ya no sabe donde esta el norte ni el sur.;1;
alcalde? este es un payaso!;1;
El payaso más bien 😂;1;
_90 Lo gana Murillo, payaso;1;
_ garcias A ese payaso cualquiera le gana 😂 😂 😂 😂;1;
"Sabía yo que algún día la letra de esta canción me iba a venir como anillo al dedo...""Es un gran necio, un estúpido engreído, egoísta y caprichoso, un payaso vanidoso, inconsciente y presumido, falso, enano, rencoroso... "" ";1;
ENTRETÉNME, PAYASO!!!... ;1;
—Se lleva una mano a la cara. ¿De verdad podía ser tan alcornoque?— Bien, más para ti.;1;
Pedazo de alcornoque, vindria a ser;1;
Temas del Conocimiento: Alcornoque y sus Usos ;0;
_Bugman Cabeza de alcornoque;1;
_Bugman Zopenco, alcornoque, soperutano, soquete;1;
Mockus no fue auspiciador de la guerrilla, y se gano contratos de forma irregular. Y el partido verde que si es de izquierda tiene bastantes candidatos cuestionados incluyendo a la gallito. Lea alcornoque.;1;
Insistidor este cabeza de alcornoque. ;1;
Vaya hombre. Me había plantado porque creía que me había topado con un alcornoque.;0;
Cabeza de alcornoque xd;1;
el cabeza de alcornoque dice que tiene otras cifras.;1;
_ABASCAL Sectaria dice el papanatas;1;
España una democracia de complejos y papanatas. El día que reaccionemos igual será tarde.;1;
_rguez Es casi tan papanatas como tú;1;
_ Ah que mequetrefe;1;
Jajajajajajajaja mortal. No se cansa de perder este mequetrefe!!!!;1;
_2015 Te perdono, pero no soy ladrón y tampoco hay ladrones en mi familia, asi que mas respeto, si es que quieres que te respete, mequetrefe...!!;1;
No hay nadie que le de su merecido s este mequetrefe? ??? ;1;
Ese soy yo que te pasa pedazo de pelele;1;
_for20 _garcias Es un vil pelele y fantoche;1;
Bueno realmente queda como pelele, ogro le queda grande y le sobra;1;
Tan nazi que le dijo pelele a hitler ;1;
Quien juzga a ese pelele;1;
Jamás votaría a Vox, pero si tengo que elegir entre Abascal y el pelele de Vals y Macron, sin duda me quedo con los primeros. Es que no se puede ser más hipócrita y engañabobos que Riveleta.;1;
Porqué no señala quienes son esos constitucionalistas de prestigio? Vamos a dejar que este pelele de Gorriti, se quede en palacio y no vaya a la cárcel por corrupto y golpista? ;1;
Sigan peleando, la gente de a pie esta jodida con la desaceleracion economica q ya no alcanza para cubrir gastos minimos, sigan defendiendo sus intereses, pelele de los rojos;1;
_Iglesias_ Qué penita da Garzón.....un pelele en manos d Iglesias....no me extraña q Anguita.....en fin...y lo d Rusia....pues mejorando x momentos,todos tienen mugre debajo d la alfombra,pero estos la han llenado en 4 días.;1;
Vale pichabrava;1;
Puto Amunike menudo pichabrava;1;
Me causan el mismo rechazo las putas y los pichabrava esos de los cojones.;1;
Que es un pichabrava ya lo sabemos todos. Que hay mucha oportunista dispuesta a vivir a su costa, tambien. Que como no cambie su modo de vida a los 28 años va a estar acabado como futbolista, seguro.;1;
"Juan Carlos I ""El Pichabrava""";1;
Pues un pichabrava que no se pilla, que hay que decírtelo todo.;1;
Trump el PichaBrava ejerció su derecho a la libertad en el culo de la princesa de HUAWEI. La princesa, emborrachada y drogada primero, y preñada a la fuerza (al principio), después, dijo ser sabedora del carácter diabólico del engendro, y q la suda el coño... lo va ha tener.;1;
Por eso lo pongo de castigo, cabezabuque;1;
Rastrajoso, revientacabezas, muerdepiedras, cabezabuque xD;1;
¡Cómo estará de negra la conciencia de Cabezabuque para emitir tanto comunicado...!;1;
Me parece un insulto decir que Raúl Bravo es el cabecilla de cualquier trama. En todo caso es el cabezabuque más grande que se conoce. LaFábrica;1;
Estimado botarate, esa adjudicación la efectuó el PP. Saludos cordiales!!;1;
_Zaragoza_ Cállese burro, lea libros y tuitee menos, botarate. ;1;
_Mca Cinco añitos? Los niños tienen más sentido común que este botarate...;1;
1) No votar a PP y a Vox no supone que no se pueda comentar nada del PP y de Vox. 2) No votar a Podemos, ni al dúo de Galapagar, no significa que no se pueda comentar su pésima estrategia. 3) Lo más importante: comento lo que me sale de los golondrinos en mi TL, botarate.;1;
Botarate del Copon;1;
No me extraña que con gentuza como tú esté país sea cada día más una mierda botarate;1;
Al loro, que la línea editorial de este botarate ha movido a mucho carrilbicista madrileño en los últimos cuatro años de gobierno de Es gente con traumas a los que le dan el poder de planificar y decidir sobre todos los demás. ;1;
No tengo ninguna duda. Es un botarate.;1;
_ No es más botarate porque no se entrena. Cualidades de partida le sobran. ¿De dónde salen estos figuras?;1;
Ya sabía que eras picapleitos. 😉;1;
Eres un jodido picapleitos y ya cansas con tus malas, malísimas entrevistas. Paladín de la democracia y de la libertad de expresión . Destruyes la verdad.;1;
Mi tuit fijao, marica picapleitos;1;
_Abanto Tu eres abogado? Si lo fueras tendrias que haber leìdo la consttuciòn. Sòlo que eres un picapleitos CORRUPTO!!!!!;1;
Rey de la provincia de Vigo desde 2007, experto picapleitos con la , hacedor de turbo rotondas y plantador de olivos milenarios 💯 😍 😘 🤣 ;1;
_ Este picapleitos vendido a los separatas nazi catalán;1;
El juicio del prucés encontró en Pablo Ordaz a un genial cronista, que de forma magistral inicia hoy su texto. Smith y Fernánandez, así podrían llamar a ese par de picapleitos bostezantes. ;1;
El tipico lumbreras de Potemos;1;
La nueva viñeta de Orlando Lumbreras: 'Logos' opinión viñeta ;1;
Según este lumbreras, se los debieron enviar los americanos.;1;
Gracias por la info LUMBRERAS.;1;
Pero el lumbreras de no lo sabe. 😎 ;1;
Al lumbreras que se le ocurrió poner garbanzos a los frutos secos al gulag y ni agua.;1;
Mi hija tiene 10 de media. Y calcula que ha sacado un 6.3 Ella quería hacer grado de Mates hace tiempo. Ahora Ingeniería Informática. Al menos en esta l nota de corte es baja. Felicidades a los lumbreras que pusieron el examen. El día q den las notas veremos qué pasa. PAU2019;1;
Pues si hubiesen castrado a tu padre tú no hubieses nacido lumbreras;1;
Dos nuevas familias han encontrado su hogar con nosotros. ¿Quieres ser la siguiente?. Trabajamos en Puerto Lumbreras, Lorca, Totana, Caravaca de la Cruz, Calasparra, Mula y Cehegín. !Dinos lo que buscas y te ayudaremos a encontrarlo! 🗝️ 🏠 👏🏼 👥 • inmobiliaria morillas hogar ;0;
14h PUERTO LUMBRERAS: Temp. 25.9 °C, Hum. 31 %, Bar. 1008.6 hPa, Lluvia 0.0 mm, Viento 15.8 km/h SSE Weathercloud;0;
Lo ha sido, por eso Setién está despedido. Lumbreras;1;
Donald Trump patán o macarra barriobajero?;1;
Rata mora fue pésimo y barriobajero,que tío más asqueroso,fuera de Sálvame ya!!!;1;
Ruben Cruz acabará mal . Es un barriobajero;1;
Me recuerda a las ostias q repartia el barriobajero madrid de mou en los cladicos, a mamar;1;
Vaya codazo barriobajero;1;
_efs Juego sucio no, barriobajero.;1;
Espero que pida perdón por esta acción de barriobajero paleto.;1;
Lo del Cartagena es de matones y muy barriobajero. Rubén Cruz y Cordero van a terminar el partido sin ver la roja.... Han sido mejores pero las maneras no, y el árbitro demasiado permisivo. PlayOff;1;
"Antonio Montero, en tu descripción te falta ""tarado emocional"" ""barriobajero"" y ""mentecato""";1;
Ahora en el blog ❯ 12 recetas de tartar de atún para disfrutar de platos frescos y nutritivos en verano  vía ;0;Atún
Acabo de abrir una lata de atún con un cuchillo. Ya me gradué de adulto independiente.;0;
A alguien más les gusta el huevo con atún?;0;
Domingo de ver series y comer atún... a veces duele la dieta.;0;
"Receta de tortilla de atún y tomate 🍰 REGÁLANOS UN RETWEET 🍧 postres dulces recetas &gt; ";0;
Tendrá atún, ¿no? Qué menos...;0;
Macarrones al atún gratinados en el Circus, paseo por el palmeral y dos horas de siesta. No queráis venderme otro plan de domingo PORQUE NO LO COMPRO.;0;
La crema Nivea fría en el cuerpo, los sándwiches de atún enlatado, las empanadas de cazón en la Santiago Mariño, Parque El Agua, el atardecer en Juan Griego... Muchos recuerdos bonitos. ;0;
Salimos de Otero de Guardo, un pequeño pueblo de la Montaña Palentina. ;0;Montaña
Fin de semana en Bilbao, ¡y sin pisar el Guggenheim! El binomio mar y montaña que rodea a la capital de Vizcaya es insuperable Euskadi ;0;
Felicidades Enhorabuena Lou lou grande Maillot de la montaña y clasificación;0;
Ascensión al pico Boum, valle de Remuñé Benasque Un nuevo éxito del _Pirineos actividad de Alta Montaña. ;0;
Si te gustan las actividades en la montaña, no te pierdas nuestro artículo en el que te decimos cuales son las mejores chaquetas para montaña con la mejor relación calidad-precio -  deportes senderismo montañismo trekking;0;
De despertar en la cima de una montaña para 2minutos despues dejarme caer al fondo del oceao. Asi va dia y el tuyo,;0;
🔵 Lo que nunca debes hacer cuando conduces un coche con caja de cambios manual Motor ;0;coche
Coche no sé, pero hay bus cada media hora desde Plaza Elíptica (y se puede usar el bono transporte de madrid);0;
Money Talks | Tesla se tira a la piscina con un coche submarino ;0;
Un micrófono en el coche de Aranda probaría el presunto acuerdo para el resultado entre el Valladolid vs Valencia ;0;
Mañana vuelvo en coche y solo voy a hacer un examen jj;0;
Necesito un coche y el carné de conducir..;0;
Soñé que me robaban el coche 😓;0;
Ayer aguanté como una campeona sin beber nada d alcohol porq iba con el coche, ahora puedo con todo lo q se me ponga por dlante;0;
En el coche del tío para la tierra a trabajar;0;
Una hora y 35 minutos esperando un autobús, como te echo de menos coche 😭;0;
¡Echa un vistazo a mi transmisión desde mi PlayStation 4! PS4live (Gran Turismo™SPORT) live at ;0;transmisión
Buena transmisión;0;
Y la transmisión?;0;
nos dañaron el domingo a los q íbamos a ver la transmisión por YouTube 😪;0;
"ROBERTO GONZÁLEZ Candidato a la Muni Capitalina por CREO llega a votar a Z11. Transmisión de Radio Sonora. . ""El deseo por servir se mantiene y para una nueva era en la Municipalidad"".";0;
¡Echa un vistazo a mi transmisión de (Fortnite) live at ;0;
Las 10 infecciones de transmisión sexual más frecuentes Salud  ;0;
"Le ruego que no me tutee. Respecto al ""como siempre"", no sé dónde hizo Ud la Selectividad, pero en algunas CCAA ponen textos no argumentativos. Literarios, por ejemplo. Y no siempre se pide la opinión. Ah, y mis opiniones tendrán *sesgo*, pero yo no pongo las pruebas de la EBAU.";0;selectividad
Entregarán 178.000 firmas por una Selectividad única en toda España ;0;
Una niña que acaba de hacer selectividad me ha preguntado sobre Farmacia , chicos que le digo ?;0;
La selectividad ha dejado la nota media más baja de los últimos años. Desde 2013 los estudiantes no promediaban una puntuación menor. En concreto ha sido de un 6,27, lo que supone 29 décimas peor que el año pasado. ;0;
Selectividad del 2020. Historia del arte. Describa este cuadro. ;0;
Esa habitación debería salir en los exámenes de historia de selectividad ;0;
Los alumnos con dislexia podrán tener faltas de ortografía en la Selectividad  vía;0;
Pero seguro que no aprobaría la selectividad de Madrid ;0;
q nota has sacado en selectividad — 10,27 jajajaj ;0;
Sí, soy a andaluza viviendo en Madrid. Hice la selectividad en Andalucía.;0;
Yo rodeada de mis apuntes de selectividad para quemarlos ;0;
Empiezan mis vacaciones ;0;vacaciones
Esta de vacaciones... como siempre;0;
Vacaciones. Casa. Gatillos.Surete. Netflix. Soy feliz😊 faltas tú ;0;
Me encanta planear las vacaciones con ...;0;
Sii falta poquito,me los llevo en verano,ahora son muy cortitas las vacaciones AJJAJA;0;
— Buenas tardes. Que días más ajetreados enseñando a los animales nuevos espectáculos, necesita vacaciones.;0;
Termina este miércoles y acabo de terminar mis vacaciones xD;0;
Esperando que mi papi me lleve d vacaciones ahí ;0;
Tengo familia en Berlin, mis primos se vienen el 20 de vacaciones para La Coruña, Galicia, Spain;0;
Ya quiero salirrr, necesito vacaciones jeje;0;
sólo 3 semanas para vacaciones 😭 😭 😭 😭;0;
Las vacaciones *;0;
Se fue de vacaciones x el estrés.;0;
Me urgen unas vacaciones. Eternas.;0;
"Las vacaciones son un derecho que tiene todo trabajador para gozar de un descanso de 15 días hábiles por cada año de trabajo. Ingresa a LegalApp y conoce qué hacer en este caso. YoUsoLegalApp &gt;  ";0;
¡Ya huele a vacaciones y nuestro estilo lo sabe! 😎 🌴 LookSemanal RAGGED  ;0;
vamos a la playa oooo;0;playa
-Nada, día de playa- ;0;
Escuché una canción durante una hora en el camino de ida a la playa. ¿cuál canción crees que era?;0;
Espero que entrenes en la playa 😉 ;0;
Si hay sol hay playa, si hay playa hay alcohol... si hay alcohol hay sexo y si es contigo mejor🎵;0;
Necesito playa :(;0;
Mazarrón Retiran 200 kilos de basura marina en la playa de Bolnuevo ;0;
_Wv 📲:Supuse que sabía... Pero la playa no me suena. 📲:Si, si... Te veo en la playa, entonces;0;
Toda la gente de Alcasser se daba ostias hablando mal para estar en el programa. Yo no sé ni qué decir...los familiares en ese estado de shock no se darían cuenta de lo que estaban haciendo, pero con el tiempo debieron abrir los ojos y sentir aún más impotencia del poco respeto;0;programa
_ _ Moderación? Jaajajajjaja. Libertad? Para quién? Progreso???? Estamos hablando de la misma persona y del mismo programa?;0;
¿Tu seguirás con tu programa o ya hay cambios de todo inmediatos ?;0;
Porqué insisten en el programa de Vecinos vigilantes si las denuncias no las atienden, los mismos sitios siguen vendiendo sus drogas;0;
El programa pretende controlar el daño que generan en la fauna silvestre y a la agricultura campesina ;0;
🔵 Terraformación, el programa de la NASA para cambiar el clima de Marte y hacerlo habitable MedioAmbiente ;0;
Aquí os dejamos nuestro nuevo programa con la gran ayuda de nuestro amigo del gran podcast entre otros muchos. Muchas gracias. podcast Cine Stargate claqueta y accion 2x16 stargate ;0;
Si no generas el escenario Comuns-PSC, no hay Valls que valga. Comuns tiene con ERC un programa mucho más parecido que con el PSC pero escogió PSC para asegurarse a Valls. Y en política, nada es a cambio de nada. NADA.;0;
Donde están los amigos que tienen piscina 😫 😫;0;piscina
Quisiera estar en una piscina, rai nau;0;
¡Yo estoy muy bien! ¡Con ganas de piscina o playa!;0;
Pedro solo baja a la piscina por las tardes, porque la socorrista del segundo turno es una chica. ;0;
Lo mejor de la noche fue meterme en la piscina , que risa jajajaja menuda panorama _cb;0;
_YT Estoy en la piscina.;0;
Asi da gusto venir a la piscina, una pasada todo, muchas gracias 🤤😍 ;0;
Ha venido uno a la piscina con la NINTENDO DS ;0;
no me vaciles que te echo de la piscina eh jajajajaj;0;
Yo opte por la piscina, siempre fui más de agua!😀;0;
Yo me tiro a la piscina XD;0;
Alguien me invita a su piscina para tomar el sol estas dos semanas que vienen? _jgl 🙄 🙄;0;
La ONU da un premio al Ayuntamiento de Madrid de Manuela Carmena ;0;Ayuntamiento
El nuevo Ayuntamiento de Madrid dejará de luchar contra el cambio climático ;0;
José López se dirige a la multitud concentrada frente al Ayuntamiento de Cartagena en protesta por el pacto ;0;
En la web del ayuntamiento.;0;
Pues igual que Maragall que ya tiene su puesto y su sueldo de Edil en el Ayuntamiento de Barcelona.;0;
Ayer tomamos posesión los concejales de la XI legislatura del Ayuntamiento de Argés. Es el pistoletazo de salida para trabajar muy duro estos años por los argeseñ. Vamos a realizar una oposición crítica y constructiva. Prometemos luchar por un Argés de futuro y +social. ;0;
_cordob Saluden a Andrea Levy, nueva Concejala de Cultura del Ayuntamiento de Madrid. FelizDomingo ;0;
Andrea Levy, concejala de Cultura del Ayuntamiento de Madrid. No doy. laconcejalaantropófaga pp Madrid ;0;
Problemas realísimos, como poner la ikurriña en el balcón del Ayuntamiento;0;
Ya hay alcaldes esperando en la puerta del ayuntamiento;0;
Le han impuesto el euskera astro que han echado de la escuela infantil por no querer modelo de euskera. Le han impuesto la ikurriña en el ayuntamiento, que también es su casa, la de todos.;0;
"Si hombre! A la gente humilde le irá genial la ""para"" de C's en el Ayuntamiento, ya veréis!";0;
Eso es cosa del Ayuntamiento. La ciudad por suerte no es de la Iglesia;0;
Un documental para contar cómo ha acabado el Ayuntamiento de Valencia con el colapso del colector norte por culpa de las toallitas húmedas  Lo cuenta;0;
"""El Ayuntamiento de Madrid pone a disposición de todos los carteles que han adornado la ciudad desde 2016""  diseñográfico";0;
Y muchos profesionales sin trabajo.. 😪 ;0;Trabajo
Despidos, trabajo en negro, accidentes, etc. Consulte expertos! ;0;
Es posible que haya otras formas respetables de ver la vida y el trabajo, en función de las circunstancias de cada uno. Piénsalo. En mi opinión te están quedando pelín clasistas algunas opiniones al respecto de la encuesta del Farmacéutico. Sin acritud.;0;
Un día más de trabajo es un día más cerca a mi jubilación.;0;
Buen domingo 🎼 😊 👍 ya verás que tú cerebro hará el trabajo :);0;
🔵 5 aspectos muy curiosos (e incluso peligrosos) de la cultura laboral en Japón Trabajo ;0;
Ofertas Trabajo Content Autocoding Specialist - Barcelona en Barcelona ;0;
Ofertas Trabajo Comercial Rrhh - Barcelona en Barcelona ;0;
Ofertas Trabajo Enfermero/A Y/O Fisioterapeuta Para Domicilios En Álava - Talent Search People en Otra ;0;
18 atajos de teclado en Illustrator que mejorarán tu flujo de trabajo  ;0;
_ La historia tiene tantas versiones como personas la cuenten;0;Historia
_BS Felicidades por hacer historia;0;
Hombre, en la F1 también corren solo dos coches . 😉 Nunca en la historia había habido un campeón de F1 y WEC hasta ahora. A mi lo que acaba de hacer Fernando me parece increíble. ;0;
EE UU encadena el mayor periodo de crecimiento de su historia  vía _economia;0;
42. Criminales en el mar 🇺🇲 La historia está bien pero hubiese estado mejor en una peli no cómica. ;0;
Tal parece q salieron de una historia de terror.;0;
| Quiénes estéis de acuerdo con el hecho de que hacerse un personaje como Adolf Hitler en RP está: bien podéis darme SB directamente, de verdad os lo digo. Porque me estáis comparando al mayor genocida de la historia con una reina o un emperador. Venga hombre. xd;0;
España es... UNAI SIMÓN Y 10 MAS ESP;0;España
Se puede decir mas alto, pero no mas claro. Cs a perdido una oportunidad de oro para desmarcarse públicamente de cualquier ideología extremista. Hoy podría gobernar España, junto al PSOE imponiendo sus condiciones y haber aislado a separatistas, nacionalistas y populistas.;0;
Primo José como que no lo ve en España, De pronto no en el Barcelona, pero para el Real Madrid de zidane es perfecto, por despliegue en la cancha y recuperación de balón y sería una maravilla cubriendo la espalda de Marcelo y Carvajal;0;
Viva España !! 🙆 ;0;
Majestad: el próximo 30 de junio, consagre usted España al Sagrado Corazón via _hispanidad ;0;
_sagrera Terraprim es el Ampurdán y Cataluña es España.;0;
Ahora, mañana China y España salen mañana a darse la mano, empatan y ambas selecciones clasifican con 4 puntos. El Grupo B no cuenta. FIFAWWC;0;
📣 10 delicias que evidencian la riqueza gastronómica de España ;0;
rugby se ha proclamado campeón de las España Seven Series. ;0;
Abuchean a una concejal de Vox por jurar el cargo diciendo el nombre de San Juan de Alicante en español ;0;
"ÁBALOS Que ""asuma su papel"": ""Debería reflexionar y sobre todo en el horizonte de una investidura para España, donde creo que lo importante es que el Gobierno de España sea un gobierno sin ataduras"".";0;
Cataluña se va a independizar. No cabe ninguna duda. El intervencionismo internacional al final lo provocará. Lo único que queda es que devuelva hasta el último céntimo de lo que le dimos el resto de España, cuando le construímos el primer ferrocarril, la primera red eléctrica,;0;
Operación blanqueo a C’s ;0;Operación
Bueno, al menos no tuve una operacion JAJJAJAJAJAJJA;0;
La compleja operación salida del Real Madrid ;0;
Que orgullo que la operación la inicia una mujer, gracias mi Eliii! ;0;
yo hice la operación cancelame también;0;
Operación Salida o todo puede ser un fracaso;0;
"""RED"": Gobierno anuncia la incorporación de 183 buses eléctricos a la flota tras seis meses de operación  ";0;
Pero la gente dice que lo que tienes en la cabeza es una peluca, que perdiste todo el cabello en la operación de cambio extremo ??;0;
🔊 Podolski: “La operación ha ido bien, pero la recuperación necesitará tiempo. Espero estar mejor pronto. No olvidéis que siempre he sido un luchador” ;0;
GOOOOOOL DEL RECRE !!! VAMOS OSTIA! Tenéis a media Andalucía detrás;0;Andalucía
Las mentiras de la sangre  vía de Andalucía;0;
El vertiginoso viraje de Ciudadanos en Andalucía en 5 escenas: de apoyar al PSOE a firmar con la ultraderecha  vía _es;0;
Antonio Maíllo deja su escaño y la coordinación de IU Andalucía y solicita su reingreso como profesor de Latín  via;0;
El líder de IU Andalucía, Antonio Maíllo, deja su escaño y la política para volver a ser profesor de Latín ;0;
Pésima noticia para Andalucía La marcha de Maille ;0;
40 años el psoe en Andalucía dándole oportunidades;0;
DIPUTADOS U.PODEMOS Andalucía: 17 Madrid: 7 Baleares: 6 Aragón: 5 Asturias: 4 Canarias: 4 Extremadura: 4 La Rioja: 2 Murcia: 2 Navarra: 2 Castilla-León: 1 Castilla-LaMancha: 0 Cantabria: 0 En estos meses SÓLO vi críticas a Andalucía ...y al final es quien tiene el mejor dato ;0;
_Andalucia _prov _Rivera _Cs _Cs Es que lo de Hervias.. y eso que dicen que es el cerebro de Cs.;0;
_1 _virus Efectivamente Elecciones Andaluzas/ _ _Kichi: 584.040 votos Elecciones Generales Andalucía/ _Iglesias_ : 651.160 votos;0;
Hoy tocó ruta de senderismo. Asturias Tazones DonBosco ProyectoNatura leonesp ;0;Senderismo
Finde de ⛰ 🌳 . . . . . . . . . . . . NonFilters SierraDeMaría LosVélez Andalucía Senderismo Hiking Friends Traveling en Parque Natural de María Los Vélez ;0;
benditas excursiones de biología ft senderismo ;0;
Senderismo Universidad Popular de Albacete. Hasta el curso que viene. Felices vacaciones!;0;
Imágenes de la Ruta del día 15/06/19, de Senderismo por la SierraDeGuara Huesca CanariasClimb YoSoyDeCanariasClimb en Sierra de Guara ;0;
7 Rutas de senderismo en Castellón provincia ;0;
"YOGA &amp; SENDERISMO EN PICOS DE EUROPA ";0;
"Tan efímera la vida,tan corta Hoy iré a El Ávila Un poquito de senderismo no hace nada mal. Los hierbajos de hace poco han renacido y se les nota el verde en las muy pequeñas hojas;el agua del riachuelo corre con mas fuerza;los pájaros andan porái(vienen a mi casa a cada rato)";0;
¿Preparad@ para la marcha senderista Nocturna Bandolera? 🌌 🚶‍ ♀️ 🚶 ‍♂️ 🏁 El próximo 5 de julio salida desde Gambrinus a las 22:00 horas con un recorrido de 14kms. Más info:  Amontíllate Montilla deporte Senderismo _Montilla ;0;
Soñé que aprobaba los 100 Mt en natación .. Por favor que así sea 😭;0;Natación
Natación Dos australianos vencen al Estrecho de Gibraltar ;0;
Cuando tu colé no tiene piscina y tienes que hacer natación sincronizada... ;0;
_Alcorcon Gracias por vuestra visita, volved pronto! Y buen viaje amigos. Enhorabuena Natación TrofeoRCNDelfin;0;
La natación, un estilo de vida ;0;
Gracias Carmena por cargarte los Clubs de natación de Madrid;0;
Me sentaría enseñar natación en colegios que cubren necesidades especiales;0;
Natación en piscina olímpica. 👌 👏 🏊 ‍♂️ ;0;
Nuestro equipo de sincronizada en el Campeonato de Madrid. Natación sincro VillaviciosadeOdón ;0;
Muchas felicidades al son Campeones de España de Natación Adaptada 🏊‍  ♀️ 🏊‍♂️ Mataró maresme catalunya natacion @_FEDPC_ _DI _oficial ;0;
No hay tiempo para estar triste;0;Tiempo
Jugamos con uno menos el primer tiempo;0;
Porque todos tus tweets son tan tristes ?:(;0;Tan
¿Qué tan similares son nuestros gustos ? ;0;
increíble como logras tener mi atención tan fácil;0;
Acomode tan mal mis 4 almohadas anoche que hoy me desperté con alto dolor de espalda;0;
Nunk dormi tan mal como anoche;0;
Nunca me había sentido tan sola como hoy;0;
por el amor de dios necesito ese anillo de Pandora, no puede ser tan tan hermoso;0;
Que nos perdone nuestra nación por tener un gobierno tan ignorante.;0;
Day 9: Grandísimo Imbécil ;1;Grandísimo
_Abreu_ Aplausos, señor Abreu. Como el grandísimo Gustavo Bueno, pero más expeditivo. ;0;
El guionista de ese capítulo se merecia todos los premios posibles. Grandisimo! (Y muy triste);0;
El Barça no va a transferir a Dembélé y bien hecho porque es un grandísimo jugador;0;
"Casemiro sobre James: ""Sería muy importante para nosotros que regrese al Real Madrid. Ya demostró a todo el mundo que es un gran jugador. Tengo un cariño grandísimo por él, como jugador y como persona. Seguro si regresa al Real Madrid será bienvenido por todas sus cualidades"".";0;
Es un grandísimo hijo de puta. La vida te cobrará todo esto, malnacido de mierda _.;1;
Grandísimo fichaje.;0;
_ Es un bicho si, pero 29 años o casi. Mucha pasta. Pero grandisimo central;0;
"_Zaragoza_ Este de los tirantes no vale ni para payaso..Con admiracion para los grandes payasos.Este es un grandisimo chufla"".";1;
hazle un favor al BARÇA y vete a la mierda, grandísimo hijoputa. Eres el cáncer del BARÇA.;1;
Felicidades. ha sido un grandísimo torneo si señor;0;
pedrerol no se puede ser mas HIPÓCRITA;0;No se puede ser más
No se puede ser mas inhumana,ud,ha leido el informe de la ONU,amnistia inter.amnistia es,pen etc.Porque no habla de los privilegips del cuñado del rey?;0;
Mejor yo diría que no se puede ser más apátrida quitando la luz todos los días a toda hora;0;
No se puede ser más bueno que Adri ;0;
No se puede ser más inútil que yo;1;
_cab75 No se puede ser más imbecil.;1;
_joan No se puede ser mas mierda ok;1;
No sé puede ser más desagradable ;0;
Jugando draven y vayne no se puede ser más guarro;1;
No se puede ser más inútil que esta directiva, se hace TT ValverdeOUT y publican que la mayoría fuimos bots franceses, de verdad creían que iban a acallar las críticas con eso? Pues aquí otro que utilizó ese hashtag sin ser un bot francés, id buscando otra excusa. BotDeCensura;1;
Respeta al Rey y lárgate a tu casa como dijiste, ya han pasado 18 meses y podras dedicar tu tiempo a hacer muchos lacitos amarillos. No se puede ser más ignorante.;1;
tú eres un puerco, te falta el corral;1;Eres un
Es que eres un pivón de amiga, así te lo digo;0;
_Tomlinson ERES UN SOLLLL;0;
eres un sinvergüenza;0;
" Eres un ángel  ";0;
te reto a un pvp con mi mando dañado por que no funciona el L2 y lo configure y ahora apunto con L1 y es dificil pero quiero ver si me ganas estoy como luis_solano-1998 es de epic y si me ganas hago un video dicendote que te amo y que eres un crack jajaj;0;
_ En serio eres un amor;0;
Es que eres un puto genio;0;
Callate, eres un bot;0;
Ya eres un anciano;0;
Si pactas con etarras... eres un hijo de puta. Así de claro 😂.;1;
La histérica, la loca y la feminazi: las nuevas etiquetas para la mujer intelectualmente inquieta.  ;1;Feminazi
La feminazi del dia... En serio, se nos va de las manos... ;1;
"Respuesta a un intelectual sobre por qué utilizo el término ""Feminazi"" ";1;
feminazi no se, pero gilipollas te aseguro que si ;1;
Se me hace medio feminazi el comentario y aun así lo encuentro tan atinado ;1;
Jajaja se encabronó la porcina feminazi 😂 😂 😂 😂 ;1;
Con esa última frase, se recibió me persona de mierda. Al lado de Hitler. La real feminazi.;1;
Feminista es diferente a feminazi. Tengan eso bien clarito!;0;
Feminazi en búsqueda desesperada de atención. ¿todo bien en casa? ;1;
perdón x no ser una feminazi~ u.u;1;
Hipócrita, feminazi, demagoga.;1;
_ Ser un buen catolico o creyente no es escandalizarse o juzgar como actuan los demas, si tanto te molesta ignorarla, no necesariamente puede ser una feminazi puede ser atea y tus principios no son los mismos que ella..... y si simplemente ignoras la sibtuacion o la sobrepasas;1;
"""Bigdata y algoritmos para predecir enfermedades o exacerbaciones.  Vía prnoticias esalud""";0;Big data
Errores que se pueden cometer al crear campañas con Big Data ;0;
El Big Data ha llegado para quedarse en el fútbol español (Real Betis y Levante UD)  vía;0;
La sub21 tiene menos tiro que el big data;0;
__ Eres el Big Data? Realmente vivimos en una simulación...;0;
Ya mismo sacan una serie nueva en Netflix... THE BIG DATA THEORY...;0;
Se llama big data no es brujería;0;
Esperemos que el Big Data de el visto bueno para el pago de la cláusula ;0;
¿Sabés lo que es BigData?. Este servicio también te lo ofrecemos en Gutbit  ;0;
Se le llama big data. ;0;
Data Science aplicada. ;0;Data science
_GS De nada, sigo con interés el mundo del Data Science.;0;
En Fcen no está Estadística Matemática? después está el de data science en computación pero ya nos vamos a otro lado.;0;
14. Silvia Ferreira, líder de Data Science en ;0;
"El ""Madrid Internet Of Things Institute"" Es el primer centro de formación postgrado 100% IoT de España. En este instituto impartirán Máster en IoT, Data Science, y un programa más empresarial; el IoT Executive. Estamos deseando ver cómo evoluciona este centro. ";0;
Todas las preguntas frecuentes del Máster Interuniversitario en Ciencia de Datos / Master in Data Science ;0;
Ánimo y suerte. No es fácil el Data Science (no me acostumbro a la forma en español).;0;
¿Qué es big data? ¿Qué es data science? ¿En qué difieren? 👉  TransformaciónDigital. ;0;
_full El Data Science ;0;
Nuevo Evento: Mini taller: Python para data science 20/06/2019 ;0;
Regresión Logística, Data Science ;0;
Charla TED sobre el uso de Data Science y la Inteligencia Artificial. DataScience Tecnología Tecnología Ver más: ;0;
Día Mundial de las Personas Refugiadas: conoce a los voluntarios de la UOC  vía;0;UOC
Has mirado la UOC? Es a distancia pero más amena, con evaluación más continua y eso;0;
Arranca en Xàbia la Escuela de Verano: Fake news y posverdad de la Cátedra de Transparencia UPV El lema de la edición es “Deconstruyedo la realidad. Impacto de las fakenews y la posverdad” y ha sido coorganizada junto a la UOC, y el . ;0;
Ole! Yo los acabé el sábado (3). (También soy víctima de la UOC);0;
Los pilares clave para impulsar tu carrera profesional son trabajar una buena marca personal y desarrollar una efectiva estrategia de networking. Ayer abordé estos dos temas en el marco del 'Encuentro UOC Alumni' en el Impact Hub Vigo. Fueron unas horas m…;0;
Ahora que termino UOC hará septiembre, quiero trastear con Unreal para hacer un juego en 2D. Recomendaciones? Más que tutoriales de Unreal, de cómo diseñar el juego, tamaños de los tiles y sprites recomendados para PC, trucos a tener en cuenta, etc ¿?;0;
Ser jefa/e de UOC implica gran responsabilidad, ahora la jefatura de Capacitacion no tiene los mismos beneficios da a entender, pero el fondo es la forma en que la denigraron y juzgaron por unas fotos.;0;
Nlp francis jajaaja ;0;NLP
Victor Kuppers, 45 minutos geniales de motivación / NLP  via;0;
_talvi Esos términos me suenan de NLP pero tendría que investigar bien. Si me tiras una punta le meto a pleno;0;
Otro reto: incorporar AI, NLP, ...;0;
A mi y a Karla nlp;0;
Hay que ser hijo de puta subnormal para hacer algo así😡;1;
_nlp wow Enhorabuena Eduardo!!;0;
al parecer la prepa nlp...;0;
cuanto gilipuertas;1;
Empuje chino para ganar la AI wef19 ArtificialIntelligence MachineLearning DeepLearning NLP carrera NLG ComputerVision armamentística Robotics _staub ;0;
no sabe hacer la o con un canuto inutil 😡;1;
Este finde tocó darle al NLP y APIcloudSpeech de Google via Rstats. Y no sé por qué acabe analizando la presentación de en 2009. Dejando a un lado el tema técnico os dejo esta perla de video donde deja claro el tema IMPUESTOS y que le pasó factura 10 años después ;0;
Emoción de lingüista: dícese cuando asistes a una masterclass de la gran , filóloga y manager general de , explica qué es la IA y la relevancia de la lingüística aplicada en este campo y sus usos en diferentes mercados. WeLoveLinguistics NLP TechTalks ;0;
"APRENDER A VIVIR ES ANDAR CAMINO... DEJAR TU HUELLA SOBRE LAS OTRAS HUELLAS QUE YA SABEN BIEN EL FINAL Y EL DESTINO.";0;
"""Levántate cada mañana creyendo que vas a vivir el mejor día de tu vida"". BuenosDías BuenMiercoles AñoGlorioso";0;
"simplemente dejen a la gente vivir mientras las cosas q disfruten no hagan daño a otros no es tan serio";0;
"Pero cómo son tan caros los pisos en Madrid? DIOS MIO HAY QUE SER RICO PARA IRTE A VIVIR ALLÍ";0;
"a alguien le importa lo que hace este esperpento ademas de vivir de su ex pareja 18 años, claro era famoso!! , y despechada, drogada delante de todos y usando una menor y la premian. Pobres madres coraje!! ofenden a las auténticas , la ""princesa del pueblo, vomitivo,";0;
"se me hace literalmente imposible VIVIR con este frío q se termine xfa";0;
"Mauricio ya está, te agradecemos y cómo te queremos te aconsejo que te tomes un avión y vayas a vivir la vida, este país de gatasfloras no te merece, esta lleno de forros hijos de puta "";0;
"Otro truco es meter al congelador una toallita un poco húmeda, y cuando estás por morir, toallita súper fresquita en la nuca y vuelves a vivir";0;
"APRENDER A VIVIR ES ANDAR CAMINO... DEJAR TU HUELLA SOBRE LAS OTRAS HUELLAS QUE YA SABEN BIEN EL FINAL Y EL DESTINO.";0;
"Los de derechas van a saquear al obrero. Lo que ha hecho Espinosa, vamos. Eso es coherencia. Lo de irse a una mansión diciendo que hay que vivir en el barrio es incoherente.";0;
"Obligado a pagar pa vivir y a vivir pa pagar";0;
"La vida es tan corta y el oficio de vivir tan difícil, que cuando uno empieza a aprenderlo, ya hay que morirse.";0;
"Se que no ha pasado mucho tiempo pero en que momento aprendo a vivir al 100% sin mi papá ?";0;
"""Si es bueno vivir, todavía es mejor soñar y, lo mejor de todo, despertar"" (Antonio Machado) Y soñar despiertos. De eso saben mucho los empresarios. Ayer en la Noche de la Economía y las Empresas. (Gracias, Millan Herce por la foto) ";0;
"Una mezcla de personas que no tienen nada en común salvó vivir del estado";0;
"💡 Pelear con la pareja nos ayuda a vivir más tiempo (si sabemos hacerlo) ";0;
"Yo diría que más que vivir en una casa en la que puede entrar todo Dios, ahora eres tú el que sabes entrar en casa de todo Dios.";0;
"Porque en un futuro le puede tocar a un hermano, vecino, tío lejano o lo que sea entendés o no, es simplemente entender que no a todos les toca vivir lo mismo.";0;
"¿Cambiaremos nuestra forma de vivir en un futuro no muy lejano? El Proyecto Urban Village propone un modelo de construcción sencillo y sostenible que combinaría la vida privada de los individuos y las familias con espacios compartidos.  ";0;
"Hay días que se recuerda y otros que nos permitimos vivir";0;
"Y ahora pides una Ayuda Social Extraordinaria y, si tienes suerte y te la conceden, vas a ver si acaso 1300 €. Que ya sabemos que con eso, si tienes que vivir en otra ciudad durante 10 meses, se hace más bien poco.";0;
"En la Luna, donde ni siquiera hemos llegado a vivir nunca, hay 180 toneladas de basura dejadas por el ser humano. ";0;
"A veces los recuerdos del pasado nos limitan a vivir un presente😐";0;
"Estoy haciendo la comida mientras veo Harry Potter si. Acaba de morir Dobby, yo así no puedo vivir eh.";0;
"🔝 SARAH HARPER | ESPECIALISTA EN ENVEJECIMIENTO ""Sería maravilloso si hemos construido una sociedad en la que gente de todas las edades pueda vivir junta."" ";0;
"A vivir";0;
"Quisiera ser amor para vivir en el corazón de las personas que quiero. ";0;
"ViajarEnFamilia es de las mejores experiencias que puedes vivir. ¡Transmíte la pasión por el turismo a tus hijos e hijas para que se conviertan en exploradores del mundo! 👶 🌍 ";0;
"No puedo vivir con este calor";0;